millis,stamp,datetime,motion
999,1533818435, 2018/8/9 12:40:35, Inactive
1999,1533818436, 2018/8/9 12:40:36, Inactive
2999,1533818437, 2018/8/9 12:40:37, Inactive
3999,1533818438, 2018/8/9 12:40:38, Inactive
4999,1533818439, 2018/8/9 12:40:39, Inactive
5999,1533818440, 2018/8/9 12:40:40, Inactive
6999,1533818441, 2018/8/9 12:40:41, Inactive
7999,1533818442, 2018/8/9 12:40:42, Inactive
8999,1533818443, 2018/8/9 12:40:43, Active
9999,1533818444, 2018/8/9 12:40:44, Active
10999,1533818445, 2018/8/9 12:40:45, Active
11999,1533818446, 2018/8/9 12:40:46, Active
12999,1533818447, 2018/8/9 12:40:47, Active
13999,1533818448, 2018/8/9 12:40:48, Active
14999,1533818449, 2018/8/9 12:40:49, Active
16000,1533818450, 2018/8/9 12:40:50, Active
16999,1533818451, 2018/8/9 12:40:51, Active
17999,1533818452, 2018/8/9 12:40:52, Active
18999,1533818453, 2018/8/9 12:40:53, Active
19999,1533818454, 2018/8/9 12:40:54, Active
20999,1533818455, 2018/8/9 12:40:55, Active
21999,1533818456, 2018/8/9 12:40:56, Active
22999,1533818457, 2018/8/9 12:40:57, Active
23999,1533818458, 2018/8/9 12:40:58, Active
24999,1533818459, 2018/8/9 12:40:59, Active
25999,1533818460, 2018/8/9 12:41:0, Active
26999,1533818461, 2018/8/9 12:41:1, Active
27998,1533818462, 2018/8/9 12:41:2, Active
28999,1533818463, 2018/8/9 12:41:3, Active
29999,1533818464, 2018/8/9 12:41:4, Active
30999,1533818465, 2018/8/9 12:41:5, Active
32000,1533818466, 2018/8/9 12:41:6, Active
32999,1533818467, 2018/8/9 12:41:7, Inactive
33999,1533818468, 2018/8/9 12:41:8, Inactive
34999,1533818469, 2018/8/9 12:41:9, Inactive
35999,1533818470, 2018/8/9 12:41:10, Inactive
36999,1533818471, 2018/8/9 12:41:11, Inactive
37999,1533818472, 2018/8/9 12:41:12, Inactive
38999,1533818473, 2018/8/9 12:41:13, Active
39999,1533818474, 2018/8/9 12:41:14, Active
40999,1533818475, 2018/8/9 12:41:15, Active
41999,1533818476, 2018/8/9 12:41:16, Active
42998,1533818477, 2018/8/9 12:41:17, Active
43999,1533818478, 2018/8/9 12:41:18, Active
44999,1533818479, 2018/8/9 12:41:19, Active
46000,1533818480, 2018/8/9 12:41:20, Active
46999,1533818481, 2018/8/9 12:41:21, Active
48000,1533818482, 2018/8/9 12:41:22, Active
48999,1533818483, 2018/8/9 12:41:23, Active
49999,1533818484, 2018/8/9 12:41:24, Active
50999,1533818485, 2018/8/9 12:41:25, Active
51999,1533818486, 2018/8/9 12:41:26, Active
52999,1533818487, 2018/8/9 12:41:27, Active
53999,1533818488, 2018/8/9 12:41:28, Active
54999,1533818489, 2018/8/9 12:41:29, Active
55999,1533818490, 2018/8/9 12:41:30, Active
56999,1533818491, 2018/8/9 12:41:31, Active
57998,1533818492, 2018/8/9 12:41:32, Inactive
58999,1533818493, 2018/8/9 12:41:33, Inactive
60000,1533818494, 2018/8/9 12:41:34, Inactive
60998,1533818495, 2018/8/9 12:41:35, Inactive
62000,1533818496, 2018/8/9 12:41:36, Inactive
62999,1533818497, 2018/8/9 12:41:37, Inactive
64000,1533818498, 2018/8/9 12:41:38, Inactive
64999,1533818499, 2018/8/9 12:41:39, Inactive
65999,1533818500, 2018/8/9 12:41:40, Inactive
66999,1533818501, 2018/8/9 12:41:41, Inactive
67999,1533818502, 2018/8/9 12:41:42, Inactive
68999,1533818503, 2018/8/9 12:41:43, Inactive
69999,1533818504, 2018/8/9 12:41:44, Inactive
70999,1533818505, 2018/8/9 12:41:45, Inactive
71999,1533818506, 2018/8/9 12:41:46, Inactive
72999,1533818507, 2018/8/9 12:41:47, Inactive
74000,1533818508, 2018/8/9 12:41:48, Inactive
74998,1533818509, 2018/8/9 12:41:49, Inactive
75999,1533818510, 2018/8/9 12:41:50, Active
76999,1533818511, 2018/8/9 12:41:51, Active
77999,1533818512, 2018/8/9 12:41:52, Active
78999,1533818513, 2018/8/9 12:41:53, Active
80000,1533818514, 2018/8/9 12:41:54, Active
80999,1533818515, 2018/8/9 12:41:55, Active
81999,1533818516, 2018/8/9 12:41:56, Active
82999,1533818517, 2018/8/9 12:41:57, Active
83999,1533818518, 2018/8/9 12:41:58, Inactive
85000,1533818519, 2018/8/9 12:41:59, Inactive
85999,1533818520, 2018/8/9 12:42:0, Inactive
86999,1533818521, 2018/8/9 12:42:1, Inactive
87999,1533818522, 2018/8/9 12:42:2, Inactive
88999,1533818523, 2018/8/9 12:42:3, Inactive
89998,1533818524, 2018/8/9 12:42:4, Inactive
90999,1533818525, 2018/8/9 12:42:5, Inactive
91999,1533818526, 2018/8/9 12:42:6, Inactive
92999,1533818527, 2018/8/9 12:42:7, Inactive
93999,1533818528, 2018/8/9 12:42:8, Inactive
94999,1533818529, 2018/8/9 12:42:9, Inactive
96000,1533818530, 2018/8/9 12:42:10, Inactive
96999,1533818531, 2018/8/9 12:42:11, Inactive
97998,1533818532, 2018/8/9 12:42:12, Inactive
98999,1533818533, 2018/8/9 12:42:13, Inactive
99999,1533818534, 2018/8/9 12:42:14, Inactive
100999,1533818535, 2018/8/9 12:42:15, Inactive
101999,1533818536, 2018/8/9 12:42:16, Active
102999,1533818537, 2018/8/9 12:42:17, Active
